keyword,google_zhCN,google_zhTW,bing_zhHK
wps io,https://www.google.com/search?q=wps%20io&hl=zh-CN&pws=0&uule=,https://www.google.com/search?q=wps%20io&hl=zh-TW&pws=0&uule=,https://www.bing.com/search?q=wps%20io&setlang=zh-HK
wpsio,https://www.google.com/search?q=wpsio&hl=zh-CN&pws=0&uule=,https://www.google.com/search?q=wpsio&hl=zh-TW&pws=0&uule=,https://www.bing.com/search?q=wpsio&setlang=zh-HK
wps io 下载,https://www.google.com/search?q=wps%20io%20%E4%B8%8B%E8%BD%BD&hl=zh-CN&pws=0&uule=,https://www.google.com/search?q=wps%20io%20%E4%B8%8B%E8%BD%BD&hl=zh-TW&pws=0&uule=,https://www.bing.com/search?q=wps%20io%20%E4%B8%8B%E8%BD%BD&setlang=zh-HK
wps io 下載,https://www.google.com/search?q=wps%20io%20%E4%B8%8B%E8%BC%89&hl=zh-CN&pws=0&uule=,https://www.google.com/search?q=wps%20io%20%E4%B8%8B%E8%BC%89&hl=zh-TW&pws=0&uule=,https://www.bing.com/search?q=wps%20io%20%E4%B8%8B%E8%BC%89&setlang=zh-HK
wps io 辦公,https://www.google.com/search?q=wps%20io%20%E8%BE%A6%E5%85%AC&hl=zh-CN&pws=0&uule=,https://www.google.com/search?q=wps%20io%20%E8%BE%A6%E5%85%AC&hl=zh-TW&pws=0&uule=,https://www.bing.com/search?q=wps%20io%20%E8%BE%A6%E5%85%AC&setlang=zh-HK
wps for windows 下載,https://www.google.com/search?q=wps%20for%20windows%20%E4%B8%8B%E8%BC%89&hl=zh-CN&pws=0&uule=,https://www.google.com/search?q=wps%20for%20windows%20%E4%B8%8B%E8%BC%89&hl=zh-TW&pws=0&uule=,https://www.bing.com/search?q=wps%20for%20windows%20%E4%B8%8B%E8%BC%89&setlang=zh-HK
wps for mac 下載,https://www.google.com/search?q=wps%20for%20mac%20%E4%B8%8B%E8%BC%89&hl=zh-CN&pws=0&uule=,https://www.google.com/search?q=wps%20for%20mac%20%E4%B8%8B%E8%BC%89&hl=zh-TW&pws=0&uule=,https://www.bing.com/search?q=wps%20for%20mac%20%E4%B8%8B%E8%BC%89&setlang=zh-HK
wps for linux 下載,https://www.google.com/search?q=wps%20for%20linux%20%E4%B8%8B%E8%BC%89&hl=zh-CN&pws=0&uule=,https://www.google.com/search?q=wps%20for%20linux%20%E4%B8%8B%E8%BC%89&hl=zh-TW&pws=0&uule=,https://www.bing.com/search?q=wps%20for%20linux%20%E4%B8%8B%E8%BC%89&setlang=zh-HK
pdf 编辑 免费,https://www.google.com/search?q=pdf%20%E7%BC%96%E8%BE%91%20%E5%85%8D%E8%B4%B9&hl=zh-CN&pws=0&uule=,https://www.google.com/search?q=pdf%20%E7%BC%96%E8%BE%91%20%E5%85%8D%E8%B4%B9&hl=zh-TW&pws=0&uule=,https://www.bing.com/search?q=pdf%20%E7%BC%96%E8%BE%91%20%E5%85%8D%E8%B4%B9&setlang=zh-HK
pdf 編輯 免費,https://www.google.com/search?q=pdf%20%E7%B7%A8%E8%BC%AF%20%E5%85%8D%E8%B2%BB&hl=zh-CN&pws=0&uule=,https://www.google.com/search?q=pdf%20%E7%B7%A8%E8%BC%AF%20%E5%85%8D%E8%B2%BB&hl=zh-TW&pws=0&uule=,https://www.bing.com/search?q=pdf%20%E7%B7%A8%E8%BC%AF%20%E5%85%8D%E8%B2%BB&setlang=zh-HK
免费办公软件,https://www.google.com/search?q=%E5%85%8D%E8%B4%B9%E5%8A%9E%E5%85%AC%E8%BD%AF%E4%BB%B6&hl=zh-CN&pws=0&uule=,https://www.google.com/search?q=%E5%85%8D%E8%B4%B9%E5%8A%9E%E5%85%AC%E8%BD%AF%E4%BB%B6&hl=zh-TW&pws=0&uule=,https://www.bing.com/search?q=%E5%85%8D%E8%B4%B9%E5%8A%9E%E5%85%AC%E8%BD%AF%E4%BB%B6&setlang=zh-HK
免費辦公軟體,https://www.google.com/search?q=%E5%85%8D%E8%B2%BB%E8%BE%A6%E5%85%AC%E8%BB%9F%E9%AB%94&hl=zh-CN&pws=0&uule=,https://www.google.com/search?q=%E5%85%8D%E8%B2%BB%E8%BE%A6%E5%85%AC%E8%BB%9F%E9%AB%94&hl=zh-TW&pws=0&uule=,https://www.bing.com/search?q=%E5%85%8D%E8%B2%BB%E8%BE%A6%E5%85%AC%E8%BB%9F%E9%AB%94&setlang=zh-HK